stock,date,close_change,volume_change
AA,1/7/2011,3.79267,0
AA,1/28/2011,1.63831,9.355500109
AA,2/4/2011,5.93325,1.987451735
AA,2/11/2011,0.230814,-25.71219489
AA,2/18/2011,-0.632547,-30.22669579
AA,1/14/2011,-4.42849,1.380223028
AA,1/21/2011,-2.47066,-43.02495926
AA,2/25/2011,-1.76678,66.17769355
AA,3/4/2011,-1.36823,-17.66315005
AA,3/11/2011,-3.31725,4.419900447
AA,3/18/2011,1.00313,14.03060136
AA,3/25/2011,4.33455,-26.71060729
AXP,1/7/2011,2.44804,0
AXP,1/14/2011,4.63801,-42.54425775
AXP,1/21/2011,-0.0651749,49.82309945
AXP,1/28/2011,-4.7557,32.4601012
AXP,2/4/2011,-0.70247,-23.18924001
AXP,2/11/2011,6.34668,10.74718341
AXP,2/18/2011,-1.91728,-34.70429674
AXP,2/25/2011,-3.13752,38.82118305
AXP,3/4/2011,-0.0228676,-1.687362023
AXP,3/11/2011,0.957592,-3.518293442
AXP,3/18/2011,0.706794,11.01759959
AXP,3/25/2011,1.87709,-26.24483548
BA,1/7/2011,4.88284,0
BA,1/14/2011,0.93633,-48.05394212
BA,1/21/2011,1.15721,57.1263549
BA,1/28/2011,-3.2019,18.02869553
BA,2/4/2011,3.06093,-34.81169434
BA,2/11/2011,0.99398,-4.218921319
BA,2/18/2011,0.467675,-26.68647494
BA,2/25/2011,-0.0691085,64.2255158
BA,3/4/2011,-0.92452,4.832201474
BA,3/11/2011,0.0558659,-7.160128578
BA,3/18/2011,-2.90853,16.3954667
BA,3/25/2011,4.33917,-17.89403211
BAC,1/7/2011,2.88809,0
BAC,1/14/2011,7.62174,-47.64583288
BAC,1/21/2011,-5.50398,29.11022794
BAC,1/28/2011,-4.5614,7.325550716
BAC,2/4/2011,4.23049,-28.18843105
BAC,2/11/2011,1.79187,-1.416650312
BAC,2/18/2011,-0.13541,-38.58744486
BAC,2/25/2011,-1.25174,55.41453261
BAC,3/4/2011,-1.05116,-1.794490244
BAC,3/11/2011,1.41044,15.08405791
BAC,3/18/2011,-1.54278,-1.593350187
BAC,3/25/2011,-6.05634,-9.427520474
CAT,1/7/2011,-0.688705,0
CAT,1/14/2011,0.858277,-18.3488805
CAT,1/21/2011,-1.49745,45.38320064
CAT,1/28/2011,3.20354,21.91217419
CAT,2/4/2011,3.59929,-10.76405188
CAT,2/11/2011,3.93495,-11.34736007
CAT,2/18/2011,2.22093,-40.89587026
CAT,2/25/2011,-2.72745,72.34217163
CAT,3/4/2011,0.311526,6.05678948
CAT,3/11/2011,-3.28757,29.35373297
CAT,3/18/2011,2.40764,40.35219927
CAT,3/25/2011,2.04864,-30.18361413
CSCO,1/7/2011,2.54279,0
CSCO,1/14/2011,1.2894,-49.03298835
CSCO,1/21/2011,-2.35627,25.20783263
CSCO,1/28/2011,0.431862,37.15945212
CSCO,2/4/2011,5.35117,-11.04784237
CSCO,2/11/2011,-15.4229,323.2821517
CSCO,2/18/2011,0.0530786,-60.98831052
CSCO,2/25/2011,-0.480513,-26.91703665
CSCO,3/4/2011,-1.18153,5.907103532
CSCO,3/11/2011,-2.23312,3.029021246
CSCO,3/18/2011,-3.76193,42.72113826
CSCO,3/25/2011,-0.346021,-35.93005207
CVX,1/7/2011,-0.512765,0
CVX,1/14/2011,2.06707,-20.51894731
CVX,1/21/2011,0.903809,-1.797171969
CVX,1/28/2011,-0.55384,52.42922993
CVX,2/4/2011,3.47363,15.27827459
CVX,2/11/2011,-0.853207,-20.35770486
CVX,2/18/2011,3.37173,-27.80936849
CVX,2/25/2011,2.89227,106.4989951
CVX,3/4/2011,1.43723,-16.72485624
CVX,3/11/2011,-4.0242,-9.418191232
CVX,3/18/2011,3.67084,28.6517076
CVX,3/25/2011,2.81148,-29.50889116
DD,1/7/2011,-0.579421,0
DD,1/14/2011,3.10559,24.90378736
DD,1/21/2011,-2.38239,-25.8656796
DD,1/28/2011,3.81916,77.38273235
DD,2/4/2011,4.74576,-31.60859714
DD,2/11/2011,3.72482,19.58756841
DD,2/18/2011,2.8288,-25.43320927
DD,2/25/2011,-1.60146,19.79651995
DD,3/4/2011,-0.645518,-0.700039131
DD,3/11/2011,-2.21811,-17.79989531
DD,3/18/2011,-0.357277,46.83258001
DD,3/25/2011,0.557621,-38.49972579
DIS,1/7/2011,4.531,0
DIS,1/14/2011,0.717765,-56.1924641
DIS,1/21/2011,1.71487,13.28480147
DIS,1/28/2011,-1.99294,16.42745943
DIS,2/4/2011,4.27766,27.0339428
DIS,2/11/2011,6.39706,56.90057634
DIS,2/18/2011,0.85668,-59.6688392
DIS,2/25/2011,0.280177,68.20082389
DIS,3/4/2011,1.23199,-6.79374919
DIS,3/11/2011,-1.37836,-22.35020618
DIS,3/18/2011,-3.30675,57.80007212
DIS,3/25/2011,3.64206,-37.44794267
GE,1/7/2011,-0.3245,0
GE,1/14/2011,1.12843,-23.03090658
GE,1/21/2011,4.00421,108.4666504
GE,1/28/2011,1.35474,-2.712025131
GE,2/4/2011,2.13612,-43.61287144
GE,2/11/2011,2.6962,2.296644945
GE,2/18/2011,-0.32543,-37.09065646
GE,2/25/2011,-0.287356,69.1962381
GE,3/4/2011,-2.7685,-2.728027323
GE,3/11/2011,-0.196078,16.23082689
GE,3/18/2011,-3.55711,71.46703956
GE,3/25/2011,0.355691,-56.23208958
HD,1/7/2011,-2.32955,0
HD,1/14/2011,5.0644,-25.9088433
HD,1/21/2011,1.50125,7.94750283
HD,1/28/2011,0.658256,40.10492615
HD,2/4/2011,-0.888769,-33.99590554
HD,2/11/2011,1.84783,-13.77817556
HD,2/18/2011,2.69549,-15.13269899
HD,2/25/2011,-5.64885,79.02273944
HD,3/4/2011,0.188425,-9.217280626
HD,3/11/2011,-0.322061,-1.220440218
HD,3/18/2011,-2.49187,7.329134676
HD,3/25/2011,3.11381,-23.54365257
HPQ,1/7/2011,6.79773,0
HPQ,1/14/2011,3.09853,-34.54935299
HPQ,1/21/2011,2.36238,26.21163799
HPQ,1/28/2011,-2.52731,1.746352818
HPQ,2/4/2011,4.44836,-11.40851958
HPQ,2/11/2011,1.94928,12.90934065
HPQ,2/18/2011,0.454076,-41.25129314
HPQ,2/25/2011,-10.2796,327.4089238
HPQ,3/4/2011,-1.04505,-47.57108595
HPQ,3/11/2011,-2.72727,-23.0903359
HPQ,3/18/2011,0.0242072,42.1783405
HPQ,3/25/2011,1.62485,-35.49093971
IBM,1/7/2011,0.489097,0
IBM,1/14/2011,2.04082,-34.72331978
IBM,1/21/2011,3.79122,133.2580324
IBM,1/28/2011,2.43855,-9.114797711
IBM,2/4/2011,3.02802,-21.94159958
IBM,2/11/2011,-0.140176,2.874986459
IBM,2/18/2011,0.401998,-45.02337001
IBM,2/25/2011,-0.788653,49.40701738
IBM,3/4/2011,-0.326435,0.491083418
IBM,3/11/2011,0.513614,44.41359967
IBM,3/18/2011,-3.27004,34.40865426
IBM,3/25/2011,2.87998,-39.31833965
INTC,1/7/2011,-1.66587,0
INTC,1/14/2011,1.78658,-29.11892917
INTC,1/21/2011,-0.998573,-20.29526016
INTC,1/28/2011,2.0447,48.83237884
INTC,2/4/2011,0.603248,-14.51529956
INTC,2/11/2011,0.0919963,-14.79542216
INTC,2/18/2011,2.35784,-15.05677369
INTC,2/25/2011,-0.410023,27.31574464
INTC,3/4/2011,-0.873563,13.90506489
INTC,3/11/2011,-3.78054,-0.643270457
INTC,3/18/2011,-3.5334,19.85381375
INTC,3/25/2011,2.36181,-34.04330333
JNJ,1/7/2011,-0.0479004,0
JNJ,1/14/2011,0.417402,-39.50570645
JNJ,1/21/2011,0.723356,37.33706597
JNJ,1/28/2011,-4.07609,79.64434703
JNJ,2/4/2011,1.13032,-26.19434692
JNJ,2/11/2011,-0.295664,-32.596127
JNJ,2/18/2011,0.692042,-22.43449648
JNJ,2/25/2011,-1.71391,40.61333912
JNJ,3/4/2011,1.88553,35.88585823
JNJ,3/11/2011,-2.2917,-15.30828413
JNJ,3/18/2011,-1.54648,33.19330574
JNJ,3/25/2011,0.528379,-33.77005294
JPM,1/7/2011,1.48837,0
JPM,1/14/2011,3.79015,-38.32271009
JPM,1/21/2011,0.599733,26.48157478
JPM,1/28/2011,-1.48197,-15.37901797
JPM,2/4/2011,0.405314,-11.23952393
JPM,2/11/2011,4.06704,18.19403927
JPM,2/18/2011,4.34783,-18.77218549
JPM,2/25/2011,-1.10169,5.758921292
JPM,3/4/2011,-2.75582,-0.349931606
JPM,3/11/2011,0.263043,0.979818101
JPM,3/18/2011,0.704535,61.24685462
JPM,3/25/2011,-0.907519,-47.9009063
KRFT,1/7/2011,-1.79471,0
KRFT,1/14/2011,1.39114,-44.50944226
KRFT,1/21/2011,-0.191022,65.09762779
KRFT,1/28/2011,-2.73973,35.09104495
KRFT,2/4/2011,2.16181,-37.53916855
KRFT,2/11/2011,-1.66774,89.59721938
KRFT,2/18/2011,0.782524,-42.08612152
KRFT,2/25/2011,3.22266,32.19706832
KRFT,3/4/2011,-0.754243,9.409779944
KRFT,3/11/2011,0.443599,-24.3504718
KRFT,3/18/2011,-1.65027,23.86884317
KRFT,3/25/2011,1.55945,-18.899451
KO,1/7/2011,-4.49302,0
KO,1/14/2011,0.685805,-47.6644074
KO,1/21/2011,-0.696092,15.02582128
KO,1/28/2011,-1.04979,17.05809178
KO,2/4/2011,0.385109,-17.27123121
KO,2/11/2011,1.43609,32.71728784
KO,2/18/2011,1.38213,-35.29783576
KO,2/25/2011,1.49937,7.998156552
KO,3/4/2011,1.62069,90.72844481
KO,3/11/2011,-0.780772,-27.73967763
KO,3/18/2011,-2.54896,33.62409833
KO,3/25/2011,3.31063,-49.86235567
MCD,1/7/2011,-3.54086,0
MCD,1/14/2011,-0.255892,-47.42916382
MCD,1/21/2011,0.482251,-10.77906533
MCD,1/28/2011,-1.3064,16.67247638
MCD,2/4/2011,0.338753,-11.15944876
MCD,2/11/2011,2.71145,-5.192091561
MCD,2/18/2011,0.0788747,-57.48852195
MCD,2/25/2011,-1.98815,66.61276289
MCD,3/4/2011,2.03999,47.22382057
MCD,3/11/2011,0.458235,-15.08661843
MCD,3/18/2011,-4.08673,17.20902306
MCD,3/25/2011,2.38095,-41.55318496
MMM,1/7/2011,-0.599424,0
MMM,1/14/2011,2.80047,-28.33571092
MMM,1/21/2011,1.65073,-7.598549238
MMM,1/28/2011,-1.98408,143.8973045
MMM,2/4/2011,0.409417,-42.70150567
MMM,2/11/2011,4.11705,9.051745919
MMM,2/18/2011,1.35194,-17.6758386
MMM,2/25/2011,-2.67443,28.42625947
MMM,3/4/2011,0.31556,1.182362982
MMM,3/11/2011,-1.04774,3.960779694
MMM,3/18/2011,-2.44491,30.24998136
MMM,3/25/2011,2.21558,-36.65554692
MRK,1/7/2011,2.92091,0
MRK,1/14/2011,-8.13204,48.65058696
MRK,1/21/2011,-0.498973,21.24079749
MRK,1/28/2011,-2.70668,-16.06471893
MRK,2/4/2011,-1.20156,4.373185792
MRK,2/11/2011,0.394657,-45.99628156
MRK,2/18/2011,-0.363967,-12.28227051
MRK,2/25/2011,-1.70992,5.601457195
MRK,3/4/2011,2.67081,122.7818036
MRK,3/11/2011,-0.818182,-28.67230467
MRK,3/18/2011,-1.81538,-5.393471092
MRK,3/25/2011,1.49579,-23.44949128
MSFT,1/7/2011,1.96078,0
MSFT,1/14/2011,0.35461,-30.74577985
MSFT,1/21/2011,-0.497159,-3.321898412
MSFT,1/28/2011,-0.963597,107.8338068
MSFT,2/4/2011,0,-39.99093359
MSFT,2/11/2011,-1.97842,15.65978237
MSFT,2/18/2011,-0.514706,-27.87961298
MSFT,2/25/2011,-0.85885,4.242697988
MSFT,3/4/2011,-2.77257,25.2162659
MSFT,3/11/2011,-1.72216,-9.036856668
MSFT,3/18/2011,-2.70694,39.52071257
MSFT,3/25/2011,1.74742,-42.63293817
PFE,1/7/2011,3.61582,0
PFE,1/14/2011,0.658617,-43.54784915
PFE,1/21/2011,0.0544959,-26.88038942
PFE,1/28/2011,-0.981997,73.58822173
PFE,2/4/2011,6.10225,29.46420862
PFE,2/11/2011,-2.28334,-49.58134131
PFE,2/18/2011,1.96599,-15.34365051
PFE,2/25/2011,-0.105932,15.6210649
PFE,3/4/2011,3.7467,45.68727667
PFE,3/11/2011,-0.86558,-24.26109148
PFE,3/18/2011,3.75321,134.2177717
PFE,3/25/2011,0.147638,-52.82003856
PG,1/7/2011,0.170834,0
PG,1/14/2011,1.75466,-19.85897043
PG,1/21/2011,0.39604,10.21043762
PG,1/28/2011,-2.57967,51.56060413
PG,2/4/2011,-1.14996,-18.33270276
PG,2/11/2011,1.2197,-9.093683651
PG,2/18/2011,-0.771605,-30.57864709
PG,2/25/2011,-1.39652,32.2720566
PG,3/4/2011,-1.22611,25.2410372
PG,3/11/2011,-0.822581,-11.82144795
PG,3/18/2011,-0.720839,25.75243927
PG,3/25/2011,-0.131234,-37.64106994
T,1/7/2011,-2.7965,0
T,1/14/2011,-0.385424,8.098365941
T,1/21/2011,-0.770578,-23.46322202
T,1/28/2011,-3.40829,31.30540384
T,2/4/2011,2.00584,-30.90690321
T,2/11/2011,1.78763,8.795535062
T,2/18/2011,0.598592,-31.53522664
T,2/25/2011,-0.670904,7.611002836
T,3/4/2011,-1.16814,25.04155017
T,3/11/2011,1.82469,17.19147161
T,3/18/2011,-1.34181,10.53048756
T,3/25/2011,0.278067,9.946603195
TRV,1/7/2011,-4.92066,0
TRV,1/14/2011,2.84262,-25.93430373
TRV,1/21/2011,0.695716,-8.026534093
TRV,1/28/2011,1.21509,95.11061072
TRV,2/4/2011,2.86687,3.379654117
TRV,2/11/2011,2.91347,-28.93286033
TRV,2/18/2011,3.53501,-27.79882031
TRV,2/25/2011,-1.65016,47.78593979
TRV,3/4/2011,-0.704698,-2.710541971
TRV,3/11/2011,-0.641242,-21.21506081
TRV,3/18/2011,-0.701214,55.38708747
TRV,3/25/2011,0.924025,-43.11130181
UTX,1/7/2011,-0.138906,0
UTX,1/14/2011,1.03488,-19.52621247
UTX,1/21/2011,1.16044,29.56640623
UTX,1/28/2011,1.45776,43.06570194
UTX,2/4/2011,0.880196,-33.42426922
UTX,2/11/2011,2.83645,6.06869297
UTX,2/18/2011,-0.0705302,-28.35428181
UTX,2/25/2011,-1.38396,30.43372835
UTX,3/4/2011,-0.86145,23.25251397
UTX,3/11/2011,-2.10767,14.80272782
UTX,3/18/2011,-0.718355,19.22531195
UTX,3/25/2011,2.73063,-27.4527139
VZ,1/7/2011,-0.36051,0
VZ,1/14/2011,-2.98222,-7.980318796
VZ,1/21/2011,-1.21538,-17.08482429
VZ,1/28/2011,2.15023,14.61798206
VZ,2/4/2011,1.87991,-41.2774466
VZ,2/11/2011,0.247934,7.598980746
VZ,2/18/2011,0.853759,-12.13016836
VZ,2/25/2011,-0.745033,-16.31297167
VZ,3/4/2011,0.0554631,38.86118906
VZ,3/11/2011,-0.774979,-17.41660922
VZ,3/18/2011,0.279799,87.7924794
VZ,3/25/2011,1.71849,-35.90758938
WMT,1/7/2011,-0.2766,0
WMT,1/14/2011,2.16216,-23.82289137
WMT,1/21/2011,1.12502,8.339214079
WMT,1/28/2011,2.36505,31.19513006
WMT,2/4/2011,-0.744021,-12.31455023
WMT,2/11/2011,-0.677724,-18.86548397
WMT,2/18/2011,0.217155,4.202418841
WMT,2/25/2011,-3.82828,79.79620013
WMT,3/4/2011,0.618357,-19.12977317
WMT,3/11/2011,0.631458,-7.709035471
WMT,3/18/2011,-1.58548,-8.653602521
WMT,3/25/2011,1.19853,-15.52734236
XOM,1/7/2011,2.53663,0
XOM,1/14/2011,3.60708,-26.89580899
XOM,1/21/2011,1.52976,34.37129782
XOM,1/28/2011,0.177552,15.4447135
XOM,2/4/2011,4.2042,12.45213672
XOM,2/11/2011,-0.754943,-33.920929
XOM,2/18/2011,3.04878,8.855510725
XOM,2/25/2011,0.435448,30.74489174
XOM,3/4/2011,-0.919995,-16.29610303
XOM,3/11/2011,-4.33364,-9.209723759
XOM,3/18/2011,-1.00404,33.63213629
XOM,3/25/2011,2.13754,-32.72403082
AA,4/1/2011,1.98482,8.131838957
AA,4/8/2011,2.87026,25.08374823
AA,4/15/2011,-8.52713,64.86072134
AA,4/21/2011,3.72861,-59.99485828
AA,4/29/2011,0.354191,6.565939259
AA,5/6/2011,-0.694847,147.7693094
AA,5/13/2011,-0.34965,-50.39813923
AA,5/20/2011,-4.35294,5.957374488
AA,5/27/2011,3.25815,-34.70071085
AA,6/3/2011,-4.8416,-0.108848567
AA,6/10/2011,-4.0201,23.09498459
AA,6/17/2011,-3.72793,17.16588027
AA,6/24/2011,3.81731,-10.64929945
AXP,4/1/2011,-0.395257,-6.687514765
AXP,4/8/2011,1.46898,8.267781457
AXP,4/15/2011,-0.237274,-6.504315752
AXP,4/21/2011,2.74809,-21.18057031
AXP,4/29/2011,4.00509,41.61051838
AXP,5/6/2011,1.68118,35.50136049
AXP,5/13/2011,-1.13863,-19.47955308
AXP,5/20/2011,3.58155,3.213488949
AXP,5/27/2011,0.768624,-27.91075123
AXP,6/3/2011,-4.10586,-4.34082104
AXP,6/10/2011,-2.82923,34.15847466
AXP,6/17/2011,1.12594,11.45900085
AXP,6/24/2011,-0.0206825,-7.498819664
BA,4/1/2011,0.693878,-15.69357356
BA,4/8/2011,0.122649,3.057314744
BA,4/15/2011,-1.42566,-8.142496529
BA,4/21/2011,3.74037,-13.05582941
BA,4/29/2011,5.65488,79.98641562
BA,5/6/2011,-1.29434,-16.74616368
BA,5/13/2011,-0.353045,-27.66985604
BA,5/20/2011,-1.44928,8.829895753
BA,5/27/2011,0.574788,-20.52666186
BA,6/3/2011,-3.80463,12.12916136
BA,6/10/2011,-2.76886,4.270503707
BA,6/17/2011,1.50561,36.64543035
BA,6/24/2011,-3.65062,20.85860224
BAC,4/1/2011,-0.372578,-30.37656568
BAC,4/8/2011,0.597015,-3.930488803
BAC,4/15/2011,-5.03704,39.69754624
BAC,4/21/2011,-2.22399,-6.814410779
BAC,4/29/2011,-0.324675,-10.78053414
BAC,5/6/2011,-0.404531,3.533762368
BAC,5/13/2011,-2.85016,8.054349931
BAC,5/20/2011,-2.60723,5.650571771
BAC,5/27/2011,1.91805,-27.25156614
BAC,6/3/2011,-4.97051,24.41261061
BAC,6/10/2011,-3.39893,46.41369849
BAC,6/17/2011,-1.92837,1.857383255
BAC,6/24/2011,-0.661001,-32.19508903
CAT,4/1/2011,3.26821,-25.69164534
CAT,4/8/2011,-3.45495,2.335100547
CAT,4/15/2011,-2.55408,6.690147759
CAT,4/21/2011,3.63705,-22.01779087
CAT,4/29/2011,5.64811,44.21281068
CAT,5/6/2011,-5.07571,14.93358809
CAT,5/13/2011,-4.0343,-3.697373467
CAT,5/20/2011,-1.45461,42.03679462
CAT,5/27/2011,3.25765,-44.33139309
CAT,6/3/2011,-4.99013,18.77910764
CAT,6/10/2011,-3.45137,12.66270424
CAT,6/17/2011,-1.01104,7.851476084
CAT,6/24/2011,3.64805,0.26701338
CSCO,4/1/2011,-1.84332,8.458427651
CSCO,4/8/2011,3.76249,74.95266053
CSCO,4/15/2011,-3.83964,-39.96038416
CSCO,4/21/2011,0.35545,-23.06647322
CSCO,4/29/2011,3.48494,65.38022608
CSCO,5/6/2011,0.285551,-29.62728796
CSCO,5/13/2011,-3.70793,94.13941325
CSCO,5/20/2011,-1.72414,-34.04134758
CSCO,5/27/2011,0.304692,-36.76541454
CSCO,6/3/2011,-3.49608,8.942427237
CSCO,6/10/2011,-5.73566,60.9711398
CSCO,6/17/2011,-1.12285,-2.624289924
CSCO,6/24/2011,-0.0669344,7.063033975
CVX,4/1/2011,1.80451,-9.55032801
CVX,4/8/2011,1.0505,-10.79109738
CVX,4/15/2011,-3.18936,33.35263661
CVX,4/21/2011,3.03001,-55.71314617
CVX,4/29/2011,1.92791,48.37799542
CVX,5/6/2011,-6.0285,60.43913967
CVX,5/13/2011,-0.83293,-4.066178129
CVX,5/20/2011,0.529256,-7.311537478
CVX,5/27/2011,2.05676,-27.76754228
CVX,6/3/2011,-3.45091,11.60144555
CVX,6/10/2011,-1.21903,10.57626055
CVX,6/17/2011,-0.869652,25.92582993
CVX,6/24/2011,-0.9911,-4.972837364
DD,4/1/2011,1.99593,-4.590377398
DD,4/8/2011,-0.18018,-15.66208622
DD,4/15/2011,-1.00992,22.21855291
DD,4/21/2011,3.00295,-35.42128773
DD,4/29/2011,1.97522,76.02131292
DD,5/6/2011,-3.17263,0.547380154
DD,5/13/2011,-3.69494,-1.058090097
DD,5/20/2011,0,1.116318173
DD,5/27/2011,1.56522,-9.690378087
DD,6/3/2011,-5.43437,1.440508663
DD,6/10/2011,-1.0338,11.83505655
DD,6/17/2011,-0.919448,27.81902951
DD,6/24/2011,4.9697,-3.413253498
DIS,4/1/2011,-0.787219,-16.13448039
DIS,4/8/2011,-2.58922,14.43012839
DIS,4/15/2011,-0.574713,4.52039518
DIS,4/21/2011,3.17305,-40.44189089
DIS,4/29/2011,1.79499,23.89781887
DIS,5/6/2011,-0.943179,17.42174871
DIS,5/13/2011,-4.15512,122.9442017
DIS,5/20/2011,0.581677,-35.33856842
DIS,5/27/2011,0.899149,-32.04131147
DIS,6/3/2011,-6.01432,50.55467826
DIS,6/10/2011,-1.73558,-5.884141239
DIS,6/17/2011,-1.52731,11.02746919
DIS,6/24/2011,-0.713342,-7.529166388
GE,4/1/2011,2.67542,-8.744575169
GE,4/8/2011,-2.60492,14.77719028
GE,4/15/2011,-0.988142,-11.02290686
GE,4/21/2011,0.91047,-13.88537099
GE,4/29/2011,1.53923,53.30701978
GE,5/6/2011,-3.33333,-16.09672064
GE,5/13/2011,-0.400601,-16.8939336
GE,5/20/2011,-1.15869,16.8069979
GE,5/27/2011,0.621118,-25.79375318
GE,6/3/2011,-4.36992,22.52801471
GE,6/10/2011,-2.08445,25.68818704
GE,6/17/2011,0.983069,0.414228127
GE,6/24/2011,-2.01745,12.9778258
HD,4/1/2011,0.266951,31.09707946
HD,4/8/2011,-0.0533618,-11.08121923
HD,4/15/2011,1.92256,-8.588357994
HD,4/21/2011,0.265252,-43.72079198
HD,4/29/2011,-1.22308,152.2437501
HD,5/6/2011,-1.20192,-14.0606084
HD,5/13/2011,0.216626,-21.06717808
HD,5/20/2011,0.981194,28.95944521
HD,5/27/2011,0,-23.80162822
HD,6/3/2011,-4.28413,-3.359080634
HD,6/10/2011,-3.06979,16.02530794
HD,6/17/2011,3.19785,67.29380968
HD,6/24/2011,2.30388,-14.26043792
HPQ,4/1/2011,-3.39463,15.34218914
HPQ,4/8/2011,0.123001,-2.6613075
HPQ,4/15/2011,-1.10538,-19.79106642
HPQ,4/21/2011,2.57758,-34.23844024
HPQ,4/29/2011,-1.68047,78.10221373
HPQ,5/6/2011,0.294913,-14.70673372
HPQ,5/13/2011,-0.931601,-9.609918892
HPQ,5/20/2011,-10.4975,242.5641043
HPQ,5/27/2011,3.87858,-51.03632793
HPQ,6/3/2011,-3.13841,-25.53256987
HPQ,6/10/2011,-2.05613,-6.31990805
HPQ,6/17/2011,-0.370054,80.81356224
HPQ,6/24/2011,0.316183,-23.50036226
IBM,4/1/2011,1.68998,-24.82037517
IBM,4/8/2011,-0.225033,-7.68542563
IBM,4/15/2011,1.69481,25.93170138
IBM,4/21/2011,2.21088,6.668225491
IBM,4/29/2011,1.74769,13.38399495
IBM,5/6/2011,-1.8709,9.88065245
IBM,5/13/2011,0.908605,-20.26770381
IBM,5/20/2011,0.206113,10.72992899
IBM,5/27/2011,-0.593472,-25.2573493
IBM,6/3/2011,-2.01259,20.02804804
IBM,6/10/2011,-0.958971,-11.57985543
IBM,6/17/2011,0,42.35160584
IBM,6/24/2011,0.836897,-21.79473818
INTC,4/1/2011,-3.5225,40.25291453
INTC,4/8/2011,1.1622,-10.90470013
INTC,4/15/2011,-1.59442,-19.2235977
INTC,4/21/2011,9.88223,30.77064785
INTC,4/29/2011,8.32943,54.25635173
INTC,5/6/2011,0.999131,10.14002881
INTC,5/13/2011,1.21055,-32.9127897
INTC,5/20/2011,-0.428816,12.41924755
INTC,5/27/2011,-3.09773,-45.70107527
INTC,6/3/2011,-3.20713,5.954584273
INTC,6/10/2011,-1.92661,11.99298448
INTC,6/17/2011,-1.11993,17.84126251
INTC,6/24/2011,0.0471921,5.015175306
JNJ,4/1/2011,0.8647,1.118242873
JNJ,4/8/2011,-0.0672269,-1.848323631
JNJ,4/15/2011,1.71313,24.37405509
JNJ,4/21/2011,5.98842,24.31515439
JNJ,4/29/2011,3.25216,-2.938856959
JNJ,5/6/2011,-0.986044,-2.694014177
JNJ,5/13/2011,2.31915,-4.066794922
JNJ,5/20/2011,-1.08417,-19.16309141
JNJ,5/27/2011,2.42368,-6.590436653
JNJ,6/3/2011,-1.81251,-4.89459457
JNJ,6/10/2011,0.333991,10.1335008
JNJ,6/17/2011,-0.0452352,11.42979914
JNJ,6/24/2011,-1.54358,-2.863887945
JPM,4/1/2011,0.542299,-4.456746206
JPM,4/8/2011,1.56114,8.194431542
JPM,4/15/2011,-4.48936,52.55140084
JPM,4/21/2011,0.926135,-39.11262337
JPM,4/29/2011,2.19485,-5.234805589
JPM,5/6/2011,-1.95908,22.25031755
JPM,5/13/2011,-3.57542,4.420084583
JPM,5/20/2011,0.372353,5.912650898
JPM,5/27/2011,0.919811,-17.42479195
JPM,6/3/2011,-3.86216,21.1627103
JPM,6/10/2011,-0.121655,34.14668173
JPM,6/17/2011,-1.18673,-5.752531188
JPM,6/24/2011,-2.49383,-8.700851184
KRFT,4/1/2011,0.829346,-7.623429578
KRFT,4/8/2011,-0.126143,-11.46962324
KRFT,4/15/2011,5.13709,108.4579285
KRFT,4/21/2011,2.01711,-53.30771677
KRFT,4/29/2011,0.418535,27.39154843
KRFT,5/6/2011,1.42857,38.5964034
KRFT,5/13/2011,3.19432,-19.32641275
KRFT,5/20/2011,1.1194,0.934330417
KRFT,5/27/2011,-0.629111,-34.06420802
KRFT,6/3/2011,-1.98333,22.91416324
KRFT,6/10/2011,-0.821837,11.87095434
KRFT,6/17/2011,1.65094,2.540396161
KRFT,6/24/2011,0.610643,-10.91010204
KO,4/1/2011,3.09816,31.5291065
KO,4/8/2011,0.0743826,-18.44215428
KO,4/15/2011,1.13011,26.76392085
KO,4/21/2011,0.458783,-51.14905678
KO,4/29/2011,-0.721118,124.9143146
KO,5/6/2011,-1.26919,-23.8901325
KO,5/13/2011,1.97427,-5.246821554
KO,5/20/2011,0.293686,1.099510875
KO,5/27/2011,-1.59787,-19.84393821
KO,6/3/2011,-2.10636,19.66330358
KO,6/10/2011,-0.183178,-2.468707121
KO,6/17/2011,0.798771,41.98416815
KO,6/24/2011,-0.673092,15.30664183
MCD,4/1/2011,0.582396,-24.7082759
MCD,4/8/2011,-0.35382,24.25257973
MCD,4/15/2011,1.61523,-2.986359177
MCD,4/21/2011,0.0260112,-18.23908902
MCD,4/29/2011,1.50356,29.37571897
MCD,5/6/2011,0.382653,15.43122927
MCD,5/13/2011,1.61087,0.427201971
MCD,5/20/2011,2.34958,4.679566831
MCD,5/27/2011,0.110389,-4.27224122
MCD,6/3/2011,-1.93596,-12.18939683
MCD,6/10/2011,-0.297767,33.70721358
MCD,6/17/2011,2.59853,-11.99012252
MCD,6/24/2011,-0.58309,2.862707591
MMM,4/1/2011,0.768232,-0.08244267
MMM,4/8/2011,0.58265,-15.28166652
MMM,4/15/2011,-0.822737,21.33241058
MMM,4/21/2011,2.15358,-36.7900577
MMM,4/29/2011,3.514,112.5314093
MMM,5/6/2011,-2.0291,-17.54543596
MMM,5/13/2011,0.745016,-8.066837824
MMM,5/20/2011,-2.07243,5.997697858
MMM,5/27/2011,1.27858,-29.53181135
MMM,6/3/2011,-3.56194,6.810362105
MMM,6/10/2011,0.387254,17.95431625
MMM,6/17/2011,0.702216,5.532730394
MMM,6/24/2011,-0.579742,-2.726170239
MRK,4/1/2011,1.62876,-8.749096661
MRK,4/8/2011,0.989802,7.37406521
MRK,4/15/2011,2.46437,31.99821751
MRK,4/21/2011,-0.467836,-44.78625766
MRK,4/29/2011,6.67656,77.7821741
MRK,5/6/2011,-0.137212,-1.36923367
MRK,5/13/2011,2.68624,-27.91542263
MRK,5/20/2011,0,25.36261628
MRK,5/27/2011,-1.25443,-29.95551344
MRK,6/3/2011,-1.56636,-11.16406289
MRK,6/10/2011,-0.70028,22.96738878
MRK,6/17/2011,1.02769,1.176986033
MRK,6/24/2011,-2.09691,9.027145695
MSFT,4/1/2011,-0.701481,18.66221273
MSFT,4/8/2011,2.43615,1.009477398
MSFT,4/15/2011,-3.13097,-11.91033682
MSFT,4/21/2011,1.67331,-30.97450559
MSFT,4/29/2011,1.40845,249.9840555
MSFT,5/6/2011,-0.269854,-37.52703915
MSFT,5/13/2011,-2.9845,10.28029056
MSFT,5/20/2011,-1.88301,-18.5277795
MSFT,5/27/2011,2.27179,-31.51157921
MSFT,6/3/2011,-4.24679,15.51782852
MSFT,6/10/2011,-0.83682,-6.537955597
MSFT,6/17/2011,1.97562,21.76343765
MSFT,6/24/2011,0.537857,10.26138322
PFE,4/1/2011,-0.195886,-21.06861801
PFE,4/8/2011,-0.437956,16.86000958
PFE,4/15/2011,-0.0973236,5.183751899
PFE,4/21/2011,-2.60827,-31.57465728
PFE,4/29/2011,5.11278,43.56393017
PFE,5/6/2011,-2.79092,33.13712741
PFE,5/13/2011,1.89966,-34.24086638
PFE,5/20/2011,-0.71977,38.27152112
PFE,5/27/2011,2.14739,-34.74849167
PFE,6/3/2011,-0.761905,3.976633788
PFE,6/10/2011,-3.41018,16.07392594
PFE,6/17/2011,0.896414,16.91862397
PFE,6/24/2011,-0.049776,13.02472523
PG,4/1/2011,1.6372,5.08461251
PG,4/8/2011,-0.434293,-10.72780659
PG,4/15/2011,3.48275,33.836669
PG,4/21/2011,-0.628239,-43.2040461
PG,4/29/2011,2.88523,81.58517083
PG,5/6/2011,0.0459841,2.804866087
PG,5/13/2011,2.97243,-9.753897247
PG,5/20/2011,1.0501,-3.90271396
PG,5/27/2011,-0.898204,-22.25513018
PG,6/3/2011,-1.35685,0.534088443
PG,6/10/2011,-1.00979,30.24960705
PG,6/17/2011,0.0618716,-3.57667401
PG,6/24/2011,-2.97628,13.15388311
T,4/1/2011,5.51344,127.2456535
T,4/8/2011,-0.0975927,-61.43317522
T,4/15/2011,-0.325203,-27.07436357
T,4/21/2011,0.854701,-29.16023584
T,4/29/2011,1.46723,46.72672909
T,5/6/2011,-1.07595,38.89138687
T,5/13/2011,0.673077,-40.70147863
T,5/20/2011,0,10.82577404
T,5/27/2011,0.935484,-27.97466709
T,6/3/2011,-2.63659,15.20710234
T,6/10/2011,-0.687398,11.9523265
T,6/17/2011,1.61823,20.20782465
T,6/24/2011,-0.717547,1.344116719
TRV,4/1/2011,1.04925,17.56965399
TRV,4/8/2011,-0.417851,-25.89945882
TRV,4/15/2011,-0.0835422,25.61586894
TRV,4/21/2011,3.37154,-34.43794793
TRV,4/29/2011,3.19635,58.3189568
TRV,5/6/2011,-0.204531,-10.66190717
TRV,5/13/2011,-1.42338,0.366416063
TRV,5/20/2011,-0.431862,-18.02031328
TRV,5/27/2011,-0.356333,4.653870348
TRV,6/3/2011,-1.24294,9.648815334
TRV,6/10/2011,-3.48818,33.66130226
TRV,6/17/2011,-2.02977,14.1261046
TRV,6/24/2011,-1.54594,1.510428606
UTX,4/1/2011,1.87463,-14.28385283
UTX,4/8/2011,-0.992295,-28.339435
UTX,4/15/2011,-1.82353,45.56430394
UTX,4/21/2011,5.44794,-0.928290795
UTX,4/29/2011,2.96552,23.37164592
UTX,5/6/2011,-0.910807,4.795667543
UTX,5/13/2011,0.112511,-20.07977603
UTX,5/20/2011,-1.08524,26.41257521
UTX,5/27/2011,-0.0925819,-31.44148496
UTX,6/3/2011,-4.32184,40.28236443
UTX,6/10/2011,-0.277342,-5.050840803
UTX,6/17/2011,1.98987,9.771305584
UTX,6/24/2011,-0.0355619,-5.88756701
VZ,4/1/2011,2.75107,21.55977938
VZ,4/8/2011,-2.10226,-35.48438604
VZ,4/15/2011,0.264901,-11.33101624
VZ,4/21/2011,-1.83511,-31.83151846
VZ,4/29/2011,1.9153,81.07982073
VZ,5/6/2011,-2.73937,23.3433083
VZ,5/13/2011,-0.0536481,-39.58601666
VZ,5/20/2011,-0.295223,4.607876455
VZ,5/27/2011,-0.217687,-18.51876975
VZ,6/3/2011,-3.46789,15.60845504
VZ,6/10/2011,-1.06832,43.70072643
VZ,6/17/2011,0.794777,-3.487896305
VZ,6/24/2011,1.83876,18.3791771
WMT,4/1/2011,-0.344102,-16.60713204
WMT,4/8/2011,0.439686,8.676730392
WMT,4/15/2011,1.92234,-5.620388315
WMT,4/21/2011,0.941974,-49.47004019
WMT,4/29/2011,2.57463,104.3862543
WMT,5/6/2011,-0.108932,-1.039709372
WMT,5/13/2011,1.36438,-8.612675465
WMT,5/20/2011,-0.575436,32.93498527
WMT,5/27/2011,-0.364299,-37.27784658
WMT,6/3/2011,-2.22303,35.41871732
WMT,6/10/2011,-2.1166,21.99172229
WMT,6/17/2011,-0.1701,17.44814099
WMT,6/24/2011,-0.550285,9.574391763
XOM,4/1/2011,0.97782,-6.95164475
XOM,4/8/2011,2.0057,-2.581847092
XOM,4/15/2011,-1.93136,7.264525235
XOM,4/21/2011,3.91048,-46.48313396
XOM,4/29/2011,1.95851,88.10349999
XOM,5/6/2011,-6.14075,39.4733141
XOM,5/13/2011,-2.578,-12.41390953
XOM,5/20/2011,1.68287,-12.96100146
XOM,5/27/2011,3.00424,-21.35571346
XOM,6/3/2011,-2.52161,15.2210316
XOM,6/10/2011,-1.42098,17.50851907
XOM,6/17/2011,-1.225,8.8119524
XOM,6/24/2011,-2.37762,18.06420424
